Location,Site Name,Sub Route,Via Route,Route,Des Code,Google Km,Grace Km,Total Km,A Hrs,Lead Hours,Lead Days,Lastdispatched,Lastdispatchcount,Mtd Count,Boxcount Packstage,Boxcount Pnastage SUM,Boxcount Cla,Boxcount Sprs Cla,Boxcount Clarackstg SUM,Boxcount Clagrid SUM,Boxcount Claholdstg SUM,Boxcount Loadlane SUM,Boxcount Clawinterstage SUM,Apps Boxcount,Nonapps Boxcount,Non Trading Boxcount,FMCG Boxcount,Total Box Count,Total Box Count_Stages,Apps Cft,Non Apps Cft,Non Trading Cft,Fmcg Cft,Apps Qty Ea,Non Apps Qty Ea,Non Trading Qty Ea,FMCG_QTY_ EA,TOTAL COGS,Hold Pkt,Total Pkg.,SN CFT,Total CFT,Total Qty
297-VMART INDORE-MALWA MILL,INDORE-MALWA MILL,D-1,,,101323,,,,,,,D-Oct-YY,42,783,,13,1,5,,,,4,,11,1,7,15,34,,34,3,0,4,795,18,5527,274,191290,0,22,0,41,6614
296-VMART GWALIOR-OPPO. FILMISTAN,GWALIOR-OPPO. FILMISTAN,D-2,,,101322,,,,,,,D-Oct-YY,39,1108,,13,1,17,,,,13,,25,1,17,20,63,,76,0,0,15,1344,4,5528,291,418596,0,43,0,91,7167
298-VMART LUCKNOW-ARJUNGANJ,LUCKNOW-ARJUNGANJ,D-3,,,101324,,,,,,,D-Oct-YY,79,871,,35,,63,,,,41,,85,8,48,49,190,,309,6,0,33,4897,165,6070,832,1412662,0,139,0,349,11964
300-VMART UNNAO-SHAHGANJ BAZAAR,UNNAO-SHAHGANJ BAZAAR,D-5,,5,101327,,,,,,,,,,1,28,,772,,,,33,,670,59,252,92,1073,,2659,73,90,72,40533,582,3550,1437,10837776,0,834,0,2894,46102
229-VMART LUCKNOW-DUBAGGA,LUCKNOW-DUBAGGA,D-6,,6,101199,,,,,,,,,,,78,,647,,,,,,430,193,185,72,880,,1610,311,223,52,25557,2859,8998,1041,7243880,0,725,0,2196,38455
299-VMART JAIPUR-RAJAPARK,JAIPUR-RAJAPARK,D-7,,7,101326,,,,,,,D-Oct-YY,174,1517,,11,,33,,14,,43,,44,44,17,18,123,,152,83,0,16,2626,625,5522,314,794788,0,101,0,251,9087
098-VMART AGRA,AGRA,R-1,"NUH,HODEL,KOSHI",1,100743,57,15,72,2,3,2,D-Oct-YY,62,497,6,15,,42,,,,5,,31,13,18,25,87,,119,19,0,28,1420,138,210,609,540142,11,57,0,167,2377
245-VMART RAJPURA-AGRA,RAJPURA-AGRA,R-1,"NUH,HODEL,KOSHI",1,101235,228,10,238,6,48,1,D-Oct-YY,70,639,1,5,1,32,,,,4,,31,7,16,5,59,,119,14,0,3,1335,91,5612,63,509766,23,19,0,136,7101
270-VMART AGRA-SIKANDRA,AGRA-SIKANDRA,R-1,"NUH,HODEL,KOSHI",1,101265,228,10,238,6,48,1,D-Oct-YY,48,343,,4,1,29,,,,5,,37,,18,1,,,129,,0,1,1583,,5522,24,588694,99,-61,0,130,7129
089-VMART GIRIDIH,GIRIDIH,R-10,"HODEL,ALLAHBAD,AURANGABAD,BAGODAR",10,100140,1192,25,1217,30,40,5,D-Oct-YY,123,651,5,7,,85,,3,,14,,53,28,26,39,146,,189,94,0,42,2259,540,1050,762,930034,7,107,0,325,4611
100-VMART HIRAPUR-DHANBAD,HIRAPUR,R-10,"HODEL,ALLAHBAD,AURANGABAD,BAGODAR",10,100745,13,10,23,1,1,5,D-Oct-YY,103,700,,5,,74,,1,,7,,56,19,24,13,112,,204,24,0,13,2002,225,3150,319,936066,15,72,0,240,5696
149-VMART JAMTARA,JAMTARA,R-10,"HODEL,ALLAHBAD,AURANGABAD,BAGODAR",10,101044,76,10,86,2,3,5,D-Oct-YY,29,126,1,3,,25,,,,2,,17,6,10,10,43,,60,7,,12,655,104,,204,290544,3,28,0,79,963
256-VMART DHANBAD-BANK MORE,DHANBAD-BANK MORE,R-10,"HODEL,ALLAHBAD,AURANGABAD,BAGODAR",10,101250,1218,10,1228,96,100,3,D-Oct-YY,68,452,6,5,1,64,,,,2,,62,9,28,11,110,,151,34,0,16,2285,56,5522,222,1011638,11,66,0,201,8085
287-VMART DHANBAD-SARAIDHELLA,DHANBAD-SARAIDHELLA,R-10,"HODEL,ALLAHBAD,AURANGABAD,BAGODAR",10,101306,1593,5,1598,96,2,4,D-Oct-YY,64,444,,3,,59,,,,7,,54,13,24,7,98,,200,11,0,3,2081,121,6572,120,887726,0,69,0,214,8894
102-VMART RANCHI,RANCHI,R-11,"HODEL,ALLAHBAD,AURANGABAD,RANCHI",11,100766,1212,10,1222,96,96,4,D-Oct-YY,53,951,3,16,1,31,,,,4,,29,11,13,14,67,,107,17,18,18,1510,234,500,406,493976,33,21,0,160,2650
148-VMART BIRSA CHOWK-RANCHI,BIRSA CHOWK-RANCHI,R-11,"HODEL,ALLAHBAD,AURANGABAD,CHAUPARAN",11,101043,1228,10,1238,96,96,4,D-Oct-YY,124,1719,10,28,1,40,,,,9,,51,21,17,23,112,,200,92,21,29,2385,386,700,541,870058,32,55,0,340,4012
171-VMART ADITYAPUR,ADITYAPUR,R-11,"HODEL,ALLAHBAD,AURANGABAD,CHAUPARAN",11,101089,1317,10,1327,96,5,4,D-Oct-YY,28,685,2,17,,16,,,,1,,16,7,6,14,43,,53,42,18,18,620,128,6022,374,280380,17,19,0,130,7144
195-VMART JAMSHEDPUR-SAKCHI AMBAGAN,JAMSHEDPUR-SAKCHI AMBAGAN,R-11,"HODEL,ALLAHBAD,AURANGABAD,CHAUPARAN",11,101145,1317,10,1327,96,5,4,D-Oct-YY,26,692,,9,,20,,,,1,,18,11,10,1,40,,62,45,11,1,778,160,5822,24,306434,8,22,0,119,6784
076-VMART LAJPATNAGAR,LAJPATNAGAR,R-12,"GURGAON,DELHI",12,5,65,0,65,2,2,0,D-Oct-YY,44,539,12,11,2,35,,,1,29,,52,14,28,26,120,,196,73,0,34,2349,258,7000,731,876468,11,76,0,303,10338
077-VMART LAXMINAGAR,LAXMINAGAR,R-12,"GURGAON,MAHIPALPUR,DHAULAKUWA",12,22,75,5,80,24,24,1,D-Oct-YY,39,392,,3,1,35,,,1,22,,57,,18,4,,,208,,0,1,2751,,155,54,909332,26,34,0,210,2960
015-VMART CHOWK,CHOWK,R-13,"NUH,AGRA,KANPUR",13,76,3,2,5,0,1,3,D-Oct-YY,91,986,18,38,1,80,,,1,,,49,11,22,76,158,,194,21,11,91,2343,202,6570,1898,872788,16,120,0,316,11013
106-VMART HUSSAINGANJ-LUCKNOW,HUSSAINGANJ,R-13,"NUH,AGRA,KANPUR",13,100822,3,2,5,0,1,3,D-Oct-YY,48,537,,8,,33,,,1,1,,28,9,13,4,54,,98,14,0,2,992,83,655,90,464680,13,29,0,115,1820
164-VMART THAKURGANJ,THAKURGANJ,R-13,"NUH,AGRA,KANPUR",13,101065,555,15,570,14,16,3,D-Oct-YY,41,451,1,12,,33,,,1,2,,25,19,15,2,61,,86,25,0,1,1146,249,11126,54,432816,17,31,0,111,12575
273-VMART LUCKNOW-KHURRAM NAGAR,LUCKNOW-KHURRAM NAGAR,R-13,"NUH,AGRA,KANPUR",13,101268,554,2,556,72,70,3,D-Oct-YY,27,450,,17,,36,,,,2,,37,13,18,7,75,,136,51,0,3,1715,135,5527,102,617698,0,55,0,190,7479
013-VMART LUCKNOW,LUCKNOW,R-14,"NUH,AGRA,KANPUR",14,29,2,3,5,0,1,3,D-Oct-YY,47,875,2,35,,50,,3,1,3,,53,19,29,22,123,,192,70,11,20,2472,207,6077,464,897288,18,75,0,292,9220
014-VMART VIKAS NAGAR,VIKAS NAGAR,R-14,"NUH,AGRA,KANPUR",14,69,555,15,570,14,16,3,D-Oct-YY,82,795,9,24,1,47,,7,1,3,,39,11,18,43,111,,138,14,0,56,1678,126,5677,1032,681410,16,74,0,208,8513
112-VMART CANT ROAD,CANT ROAD,R-14,"NUH,AGRA,KANPUR",14,100999,2,2,4,0,1,3,D-Oct-YY,28,295,2,11,,15,,2,1,,,17,2,9,14,42,,33,27,0,15,677,12,155,302,287384,7,23,0,76,1146
016-VMART BARABANKI,BARABANKI,R-15,"NUH,AGRA,KANPUR,UNNAO",15,79,585,15,600,15,18,4,D-Oct-YY,53,569,,11,2,23,,1,,1,,21,8,9,8,46,,76,9,0,8,871,85,5582,184,355660,10,26,0,93,6722
021-VMART AKBARPUR,AKBARPUR,R-15,"NUH,AGRA,KANPUR,UNNAO",15,83,170,16,186,5,5,4,D-Oct-YY,77,1039,16,32,2,56,,1,,4,,28,37,9,48,122,,97,79,0,55,1254,520,5522,996,557792,11,98,0,230,8292
022-VMART MAU,MAU,R-15,"NUH,AGRA,KANPUR,UNNAO",15,86,127,10,137,3,4,4,D-Oct-YY,71,986,6,14,,66,,,,7,,25,38,11,26,100,,96,65,21,35,1288,573,6522,703,490224,15,78,0,217,9086
007-VMART MANGLAM,MANGLAM,R-16,"NUH,AGRA,KANPUR,MOHANLALGANJ",16,68,3,2,5,0,1,3,D-Oct-YY,170,981,5,26,,47,,,,4,,38,5,15,40,98,,131,8,0,47,1515,70,5727,877,651912,25,57,0,186,8189
008-VMART RAJENDER NAGAR,RAJENDER NAGAR,R-16,"NUH,AGRA,KANPUR,MOHANLALGANJ",16,84,6,2,8,0,1,3,D-Oct-YY,139,935,26,26,,40,,,,7,,45,6,20,50,121,,169,8,9,62,2096,77,5772,1163,774736,25,74,0,247,9108
111-VMART PADARI BAZAR-GORAKHPUR,PADARI BAZAR,R-16,"NUH,AGRA,KANPUR,MOHANLALGANJ",16,100998,8,2,10,0,1,3,D-Oct-YY,133,880,7,19,,32,,,,2,,31,6,10,23,70,,110,15,0,23,1305,77,150,511,525738,21,39,0,147,2043
025-VMART SULTANPUR,SULTANPUR,R-17,"NUH,AGRA,KANPUR,UNNAO",17,48,79,15,94,2,3,4,D-Oct-YY,132,2274,21,98,1,191,,,,3,,60,18,16,238,332,,237,22,0,282,2760,204,5523,4781,1219676,14,299,0,541,13268
026-VMART PARTAP GARH,PARTAP GARH,R-17,"NUH,AGRA,KANPUR,UNNAO",17,53,76,15,91,2,3,4,D-Oct-YY,131,1699,12,48,,153,,,,20,,53,19,20,161,253,,195,38,0,168,2231,350,5642,3395,1034342,12,221,0,400,11618
027-VMART RAIBARELI,RAIBARELI,R-17,"NUH,AGRA,KANPUR,UNNAO",17,100207,600,20,620,16,20,4,D-Oct-YY,105,1427,10,32,,91,,,,10,,51,12,15,80,158,,196,12,0,85,2164,131,60,1797,910276,13,130,0,292,4152
010-VMART DEORIA,DEORIA,R-18,"NUH,AGRA,KANPUR,UNNAO",18,61,65,10,75,2,3,4,D-Oct-YY,203,2030,25,26,,65,,38,,5,,18,14,4,129,165,,64,18,0,141,836,256,5522,2349,437970,19,140,0,223,8963
131-VMART PADRAUNA,PADRAUNA,R-18,"NUH,AGRA,KANPUR,UNNAO",18,101026,917,20,937,23,28,4,D-Oct-YY,77,872,10,11,,15,,1,,,,10,6,2,23,41,,36,14,,28,487,66,,549,192174,19,18,0,78,1102
009-VMART BASTI,BASTI,R-19,"NUH,AGRA,KANPUR,MOHANLALGANJ",19,54,79,10,89,2,3,4,D-Oct-YY,77,1196,12,14,,70,,,,1,,48,16,14,38,116,,171,21,0,36,2088,310,5522,935,828316,7,90,0,228,8855
020-VMART FAIZABAD,FAIZABAD,R-19,"NUH,AGRA,KANPUR,MOHANLALGANJ",19,63,692,20,712,18,22,4,D-Oct-YY,40,908,12,9,,137,,,,17,,130,21,45,27,223,,499,39,0,35,5559,392,5522,691,2128838,14,161,0,573,12164
119-VMART KHALILABAD,KHALILABAD,R-19,"NUH,AGRA,KANPUR,MOHANLALGANJ",19,101007,33,5,38,1,1,4,D-Oct-YY,99,1048,5,30,,66,,,,2,,24,20,7,61,112,,83,25,,71,1099,256,,1199,476882,18,85,0,179,2554
099-VMART FIROZABAD,FIROZABAD,R-2,"NUH,HODEL,KOSHI",2,100744,236,16,252,6,2,2,D-Oct-YY,57,469,8,17,,30,,,,,,30,1,13,24,68,,118,3,0,28,1365,12,409,634,501960,18,37,0,148,2420
110-VMART ETAWAH,ETAWAH,R-2,"NUH,HODEL,KOSHI",2,100997,94,10,104,2,24,1,D-Oct-YY,80,938,12,28,1,40,,,,2,,39,8,17,36,100,,152,25,11,45,1634,66,746,841,669180,14,68,0,234,3287
257-VMART MAINPURI-STATION ROAD,MAINPURI-STATION ROAD,R-2,"NUH,HODEL,KOSHI",2,101251,55,10,65,2,24,1,D-Oct-YY,31,283,,6,,19,,,,1,,25,,15,,,,86,,0,,799,,5572,,397100,7,19,0,87,6371
017-VMART AZAMGARH,AZAMGARH,R-20,"NUH,AGRA,KANPUR",20,42,840,815,815,24,34,3,D-Oct-YY,71,1399,13,9,,8,,,,2,,8,3,3,21,35,,30,8,,23,501,60,,384,153106,9,23,0,60,945
018-VMART BHAGESHWAR NAGAR,BHAGESHWAR NAGAR,R-20,"NUH,AGRA,KANPUR",20,100052,846,821,821,24,34,3,D-Oct-YY,41,840,7,11,,16,,,,2,,14,12,9,12,47,,56,28,,12,636,120,,258,255520,13,23,0,97,1014
019-VMART JAUNPUR,JAUNPUR,R-20,"NUH,AGRA,KANPUR",20,60,767,20,787,20,24,3,D-Oct-YY,110,2294,23,23,1,27,,,,25,,18,42,7,41,108,,69,72,0,55,890,618,5522,1040,400930,14,84,0,197,8070
168-VMART HUSAINABAD-JAUNPUR,HUSAINABAD-JAUNPUR,R-20,"NUH,AGRA,KANPUR",20,101069,840,815,815,24,24,3,D-Oct-YY,92,555,21,9,,12,,,,3,,15,1,9,29,54,,57,0,0,35,694,12,5522,786,268630,10,35,0,93,7014
194-VMART SARAI MIR,SARAI MIR,R-20,"NUH,AGRA,KANPUR",20,101144,822,797,797,23,33,3,,,,,2,23,258,,1,,75,,364,,100,3,,,1298,,0,1,16561,,9,90,5784734,56,280,0,1299,16660
033-VMART GAZIPUR,GAZIPUR,R-21,"NUH,AGRA,KANPUR,JAUNPUR",21,58,84,10,94,2,3,3,D-Oct-YY,149,1275,11,19,,26,,,,6,,16,26,5,21,68,,60,31,,23,587,200,,444,321026,10,52,0,114,1231
034-VMART BALIA,BALIA,R-21,"NUH,AGRA,KANPUR,JAUNPUR",21,100090,80,10,90,2,3,3,D-Oct-YY,144,1296,11,25,1,11,,,,9,,5,19,2,34,60,,20,23,,31,339,145,,822,146688,18,38,0,73,1306
159-VMART LALGANJ,LALGANJ,R-21,"NUH,AGRA,KANPUR,JAUNPUR
 
 NUH,AGRA,KANPUR,JAUNPUR
 
 NUH,AGRA,KANPUR,JAUNPUR",21,101060,824,5,829,21,22,3,D-Oct-YY,95,580,4,9,,4,,1,,14,,11,9,6,14,40,,42,9,0,12,406,95,5522,272,204512,11,21,0,63,6295
085-VMART MOTIHARI,MOTIHARI,R-22,"NUH,AGRA,KANPUR,BARABANKI,GORAKHPUR",22,65,48,10,58,1,2,5,D-Oct-YY,185,1554,15,27,1,32,,1,,4,,24,10,9,50,93,,93,40,0,58,1259,324,5522,946,448276,13,66,0,190,8051
086-VMART BETTIAH,BETTIAH,R-22,"NUH,AGRA,KANPUR,BARABANKI,GORAKHPUR",22,80,84,10,94,2,3,5,D-Oct-YY,107,720,12,16,,19,,,,5,,16,8,7,29,60,,57,33,0,39,803,141,5522,747,296946,6,46,0,129,7213
189-VMART CHAKIA,CHAKIA,R-22,"NUH,AGRA,KANPUR,BARABANKI,GORAKHPUR",22,101139,1037,20,1057,26,40,3,D-Oct-YY,34,291,4,3,,11,,,,1,,15,1,4,3,23,,24,2,0,5,618,48,5522,125,242994,2,17,0,31,6313
083-VMART DARBHANGA,DARBHANGA,R-23,"NUH,AGRA,KANPUR,BARABANKI,GORAKHPUR",23,71,1140,15,1155,29,38,5,D-Oct-YY,223,1930,9,28,,79,,,,6,,25,12,4,90,131,,87,41,0,96,1186,214,5522,1931,507152,17,105,0,224,8853
087-VMART GOPALGANJ,GOPALGANJ,R-23,"NUH,AGRA,KANPUR,BARABANKI,GORAKHPUR",23,100504,954,5,959,96,2,4,D-Oct-YY,166,1089,5,17,,102,,,,9,,87,32,37,19,175,,285,81,21,28,3573,508,2384,439,1457474,13,120,0,415,6904
097-VMART MADHUBANI,MADHUBANI,R-23,"NUH,AGRA,KANPUR,BARABANKI,GORAKHPUR",23,100719,58,10,68,2,2,5,D-Oct-YY,52,842,11,16,,52,,,,7,,28,16,12,41,97,,99,28,0,49,1103,370,1050,1023,513594,15,71,0,176,3546
104-VMART KISHANGANJ,KISHANGANJ,R-24,"NUH,AGRA,KANPUR,BARABANKI,GORAKHPUR",24,100811,95,10,105,3,3,5,D-Oct-YY,73,734,9,24,,103,,,,12,,41,68,29,35,173,,153,145,43,42,1964,1396,8794,797,806522,13,135,0,382,12951
109-VMART PURNIA,PURNIA,R-24,"NUH,AGRA,KANPUR,BARABANKI,GORAKHPUR",24,100112,1363,20,1383,35,45,5,D-Oct-YY,122,1130,8,47,1,136,,,,13,,71,75,40,47,233,,250,278,0,60,2869,1302,3214,1137,1307306,12,192,0,589,8522
216-VMART RAMBAGH CHOWK,RAMBAGH CHOWK,R-24,"NUH,AGRA,KANPUR,BARABANKI,GORAKHPUR",24,101180,5,2,7,0,1,3,D-Oct-YY,57,475,6,19,,89,,,,11,,51,45,18,35,149,,167,182,0,47,1957,727,5522,840,924514,6,119,0,395,9046
274-VMART RAIGANJ-MG ROAD,RAIGANJ-MG ROAD,R-24,"NUH,AGRA,KANPUR,BARABANKI,GORAKHPUR",24,101269,1436,5,1441,120,125,5,D-Oct-YY,66,692,1,21,8,56,,,,15,,44,47,26,18,135,,153,153,0,20,2121,806,5522,404,800116,31,62,0,326,8853
122-VMART COOCH BEHAR,COOCH BEHAR,R-25,"NUH,AGRA,KANPUR,BARABANKI,GORAKHPUR",25,101010,94,10,104,5,96,4,D-Oct-YY,55,266,5,2,,44,,,,6,,53,4,15,2,74,,67,26,0,4,2110,37,1050,16,850928,13,44,0,97,3213
138-VMART JALPAIGURI,JALPAIGURI,R-25,"NUH,AGRA,KANPUR,BARABANKI,GORAKHPUR",25,101033,56,10,66,7,96,4,D-Oct-YY,66,340,2,3,,36,,,,3,,35,5,12,7,59,,56,30,,7,1492,58,,121,571722,4,40,0,92,1671
143-VMART SILIGURI,SILIGURI,R-25,"NUH,AGRA,KANPUR,BARABANKI,GORAKHPUR",25,101038,1449,10,1459,6,144,6,D-Oct-YY,38,235,,2,,22,,,,1,,16,6,6,7,35,,43,30,,7,655,57,,126,271702,9,16,0,79,838
251-VMART DHUBRI-GTB ROAD,DHUBRI-GTB ROAD,R-25,"NUH,AGRA,KANPUR,BARABANKI,GORAKHPUR",25,101242,90,10,100,6,96,4,D-Oct-YY,55,281,5,2,,36,,,,2,,40,1,15,3,59,,57,0,0,3,1509,10,6572,42,640094,25,20,0,60,8133
043-VMART CHHAPRA,CHHAPRA,R-26,"NUH,AGRA,KANPUR,BARABANKI,GORAKHPUR",26,75,61,5,66,2,2,4,D-Oct-YY,110,1049,19,18,,56,,1,,19,,44,14,15,57,130,,151,28,0,68,1865,376,5522,1481,779962,17,96,0,247,9244
044-VMART SIWAN,SIWAN,R-26,"NUH,AGRA,KANPUR,BARABANKI,GORAKHPUR",26,100208,1085,15,1100,28,35,3,D-Oct-YY,119,966,11,16,1,47,,,,11,,41,19,20,29,109,,144,32,11,36,1865,447,300,981,713582,15,70,0,223,3593
125-VMART HAJIPUR,HAJIPUR,R-26,"NUH,AGRA,KANPUR,BARABANKI,GORAKHPUR",26,101013,60,70,130,3,4,4,D-Oct-YY,92,882,7,18,,63,,,,5,,50,18,24,28,120,,178,30,11,36,2014,232,1350,640,853776,9,84,0,254,4236
037-VMART BEGUSARAI,BEGUSARAI,R-27,"NUH,AGRA,KANPUR,BARABANKI,GORAKHPUR",27,52,79,15,94,2,3,5,D-Oct-YY,194,2056,21,29,2,110,,,,22,,26,45,15,107,193,,98,105,11,113,1665,631,9050,2358,598406,26,156,0,327,13704
039-VMART SAMASTIPUR,SAMASTIPUR,R-27,"NUH,AGRA,KANPUR,BARABANKI,GORAKHPUR",27,81,1135,20,1155,29,38,5,D-Oct-YY,54,840,4,12,,40,,,,18,,26,21,13,27,87,,91,26,0,30,1036,356,6572,769,476902,16,58,0,146,8733
157-VMART KHAGARIA,KHAGARIA,R-27,"NUH,AGRA,KANPUR,BARABANKI,GORAKHPUR",27,101058,45,10,55,1,4,4,D-Oct-YY,66,802,12,14,2,52,,,,16,,15,27,7,53,102,,57,41,0,59,887,424,6572,1302,338470,10,84,0,157,9185
045-VMART MUZAFFARNAGAR,MUZAFFARNAGAR,R-28,"MEERUT,MUZAFFARNAGAR,ROORKEE",28,28,327,2,329,48,3,2,D-Oct-YY,54,642,2,11,,30,,,,2,,34,2,10,8,54,,126,3,0,7,1583,20,5522,203,551496,21,24,0,136,7328
047-VMART SAHARANPUR,SAHARANPUR,R-28,"GURGAON,DELHI,GHAZIABAD,MODINAGAR",28,43,240,10,250,11,34,1,D-Oct-YY,120,985,15,24,1,78,,,,3,,38,7,15,74,134,,144,13,5,76,1537,53,13266,1623,688988,11,109,0,239,16479
236-VMART SAHARANPUR-DELHI ROAD,SAHARANPUR-DELHI ROAD,R-28,"GURGAON,DELHI,GHAZIABAD,MODINAGAR",28,101212,240,30,270,11,34,1,D-Oct-YY,64,399,,9,,24,,,,,,28,2,13,2,45,,99,1,0,0,990,18,6822,24,450276,9,24,0,100,7854
093-VMART HARIDWAR,HARIDWAR,R-29,"GURGAON,DELHI,GHAZIABAD,MODINAGAR",29,100173,270,10,280,7,12,3,D-Oct-YY,123,983,13,18,,25,,,,3,,19,5,9,36,69,,70,11,,46,808,130,,1014,346172,4,55,0,127,1952
186-VMART MANGLAUR,MANGLAUR,R-29,"GURGAON,DELHI,GHAZIABAD,MODINAGAR",29,101132,231,10,241,6,12,1,D-Oct-YY,52,354,3,14,,8,,,,3,,9,3,4,15,31,,11,6,0,17,306,40,5607,318,163074,1,27,0,34,6271
023-VMART FATHEPUR,FATHEPUR,R-3,"HODEL,AGRA,FIROZABAD,KANPUR",3,100111,96,15,111,3,5,3,D-Oct-YY,98,1146,7,19,1,8,,,,16,,20,10,9,21,60,,73,38,,28,826,159,,496,356146,7,43,0,139,1481
067-VMART BANDA,BANDA,R-3,"HODEL,AGRA,FIROZABAD,KANPUR",3,100503,607,10,617,15,18,3,D-Oct-YY,79,791,8,10,,4,,,,11,,10,7,5,17,39,,34,17,,24,477,120,,396,188034,11,22,0,75,993
001-VMART ALIGARH,ALIGARH,R-30,"SOHNA,PALWAL",30,59,148,15,163,4,6,3,D-Oct-YY,55,467,7,9,1,16,,,,,,18,1,9,14,42,,70,0,0,18,910,6,5762,311,301492,17,15,0,88,6989
002-VMART BADAUN,BADAUN,R-30,"SOHNA,PALWAL",30,100051,118,10,128,3,4,3,D-Oct-YY,74,595,,18,2,18,,,,5,,30,5,8,10,53,,104,6,,17,1794,124,,267,495260,33,8,0,126,2185
003-VMART HATHRAS,HATHRAS,R-30,"SOHNA,PALWAL",30,100645,38,5,43,1,2,3,D-Oct-YY,55,354,4,6,1,26,,,,7,,34,,11,9,,,117,,0,14,1473,,140,160,548930,16,27,0,131,1773
050-VMART MURADABAD,MURADABAD,R-31,"GURGAON,DELHI,HAPUR",31,40,226,15,241,6,10,3,D-Oct-YY,69,1113,14,31,,71,,,,4,,65,7,21,50,143,,246,8,0,53,2870,80,5522,1371,1094192,18,102,0,306,9843
051-VMART SHAHAJAHANPUR,SHAHAJAHANPUR,R-31,"GURGAON,DELHI,HAPUR",31,47,82,10,92,2,3,3,D-Oct-YY,106,1545,21,56,2,49,,,,9,,33,21,10,82,146,,111,31,11,107,1571,469,6039,2068,642320,12,123,0,260,10147
052-VMART BAREILLY,BAREILLY,R-31,"GURGAON,DELHI,HAPUR",31,100677,91,10,101,3,3,3,D-Oct-YY,31,352,,6,,14,,,,1,,15,3,5,2,25,,57,5,0,2,669,82,15,18,245560,9,12,0,64,784
193-VMART PREM NAGAR-BAREILLY,PREM NAGAR-BAREILLY,R-31,"GURGAON,DELHI,HAPUR",31,101143,5,0,5,0,1,3,D-Oct-YY,30,306,1,1,,25,,,,15,,28,5,12,5,50,,36,5,37,3,1043,42,6672,90,458562,2,40,0,81,7847
048-VMART SITAPUR,SITAPUR,R-32,"NUH,AGRA,ALIGARH",32,70,495,10,505,13,5,3,D-Oct-YY,117,1205,8,31,,53,,,,2,,41,8,20,47,116,,145,30,0,51,1889,65,5522,947,711794,17,77,0,226,8423
049-VMART LAKHIMPUR,LAKHIMPUR,R-32,"NUH,AGRA,ALIGARH",32,87,60,10,70,2,3,3,D-Oct-YY,85,969,,43,4,80,,,,6,,63,9,25,62,159,,223,26,0,76,3178,157,5522,1372,1077808,29,100,0,325,10229
175-VMART SIDHAULI,SIDHAULI,R-32,"NUH,AGRA,ALIGARH",32,101121,40,5,45,1,2,3,D-Oct-YY,59,519,5,9,,31,,,,1,,29,2,15,15,61,,102,1,0,18,1388,22,5522,388,478978,10,36,0,121,7320
011-VMART GONDA,GONDA,R-33,"NUH,AGRA,KANPUR,BARABANKI",33,32,678,20,698,17,22,3,D-Oct-YY,124,2174,12,17,,32,,1,,27,,8,25,2,56,91,,30,42,0,59,432,395,84,1285,226688,11,78,0,130,2196
012-VMART BAHRAICH,BAHRAICH,R-33,"NUH,AGRA,KANPUR,BARABANKI",33,55,64,10,74,2,2,3,D-Oct-YY,167,2611,17,16,2,39,,,,22,,7,16,1,74,98,,24,16,,76,568,129,,1823,212568,11,83,0,116,2520
028-VMART KANPUR,KANPUR,R-34,"NUH,AGRA,FIROZABAD,SHIKOHABAD",34,38,138,10,148,4,4,3,D-Oct-YY,53,887,1,9,,54,,,,9,,56,14,20,2,92,,207,21,14,1,2307,204,6022,18,916340,11,62,0,242,8551
029-VMART SAKET NAGAR,SAKET NAGAR,R-34,"NUH,AGRA,FIROZABAD,SHIKOHABAD",34,100049,10,0,10,0,1,3,D-Oct-YY,139,982,5,6,,39,,,,5,,29,12,10,13,64,,114,19,14,13,1431,246,501,364,494766,12,43,0,160,2542
239-VMART LAL BANGLA-KANPUR,LAL BANGLA-KANPUR,R-34,"NUH,AGRA,FIROZABAD,SHIKOHABAD",34,101228,138,10,148,,48,2,D-Oct-YY,84,1008,1,4,,40,,,,3,,30,18,8,2,58,,113,30,0,2,1563,233,5522,33,510460,32,16,0,144,7351
118-VMART MUNGER,MUNGER,R-35,"HODEL,KANPUR,ALLAHBAD,MOHNIYA",35,101006,1249,20,1269,32,45,3,D-Oct-YY,96,883,7,21,1,77,,,,4,,41,36,22,36,135,,135,46,0,45,1752,663,1200,1051,750676,11,98,0,226,4666
146-VMART JAMALPUR,JAMALPUR,R-35,"HODEL,KANPUR,ALLAHBAD,MOHNIYA",35,101041,10,0,10,0,1,1,D-Oct-YY,94,1257,6,45,,95,,,,9,,39,71,17,45,172,,142,139,11,53,1756,1184,1350,1095,789942,10,145,0,344,5385
199-VMART LAKHISARAI,LAKHISARAI,R-35,"NUH,AGRA,KANPUR,BARABANKI,GORAKHPUR",35,101152,38,5,43,1,5,4,D-Oct-YY,29,416,7,7,,39,,,,2,,22,11,11,22,66,,44,40,0,23,870,155,6572,588,390676,2,53,0,107,8185
200-VMART SHEIKHPURA,SHEIKHPURA,R-35,"NUH,AGRA,KANPUR,BARABANKI,GORAKHPUR",35,101156,212,10,222,6,8,4,D-Oct-YY,38,424,6,10,,49,,,,1,,24,18,11,23,76,,64,30,11,22,915,279,6972,510,435862,0,66,0,127,8676
094-VMART HALDWANI,HALDWANI,R-36,"GURGAON,DELHI,HAPUR,MORADABAD",36,100109,32,5,37,1,1,3,D-Oct-YY,89,1032,3,14,1,29,,,,1,,17,3,5,28,53,,63,7,0,30,795,54,144,715,302964,18,29,0,101,1708
095-VMART KASHIPUR,KASHIPUR,R-36,"GURGAON,DELHI,HAPUR,MORADABAD",36,100523,282,15,297,7,12,3,D-Oct-YY,57,823,5,7,,29,,,,1,,11,4,3,26,44,,42,7,0,27,638,38,60,628,207464,18,24,0,76,1364
105-VMART RUDRAPUR,RUDRAPUR,R-36,"GURGAON,DELHI,HAPUR,MORADABAD",36,100815,55,10,65,2,2,3,D-Oct-YY,46,731,8,33,,27,,,,,,12,5,4,51,72,,45,16,,68,725,80,,1437,249774,10,58,0,130,2242
053-VMART CHANDIGARH,CHANDIGARH,R-37,"PAUTODI,JAJHAR,PANIPAT,KARNAL",37,11,33,15,48,1,2,2,D-Oct-YY,99,740,4,18,,56,,,,1,,43,4,16,31,94,,157,8,0,37,1840,87,5522,668,720682,4,75,0,203,8117
054-VMART AMBALA,AMBALA,R-37,"PAUTODI,JAJHAR,PANIPAT,KARNAL",37,41,320,20,340,9,10,2,D-Oct-YY,44,259,,5,,24,,,,,,22,2,7,3,34,,79,2,0,3,756,12,6572,60,355958,21,8,0,85,7400
280-VMART ZIRAKPUR-BUS STAND,ZIRAKPUR-BUS STAND,R-37,"PAUTODI,JAJHAR,PANIPAT,KARNAL",37,101286,299,5,304,48,42,2,D-Oct-YY,78,529,1,9,,36,,,,,,33,15,17,,,,118,147,11,,1627,198,5922,,550812,0,46,0,276,7747
055-VMART JALANDHAR,JALANDHAR,R-38,"PAUTODI,JAJHAR,ROHTAK,JIND,SANGRUR",38,12,448,20,468,12,15,3,D-Oct-YY,42,403,9,8,1,75,,,,4,,53,22,26,21,122,,178,69,0,27,2534,303,5772,462,901630,18,78,0,274,9071
057-VMART PATHANKOT,PATHANKOT,R-38,"PAUTODI,JAJHAR,ROHTAK,JIND,SANGRUR",38,13,42,15,57,1,2,3,D-Oct-YY,59,510,1,5,1,74,,,,7,,51,11,31,23,116,,179,18,0,30,2321,108,6842,397,852298,6,81,0,227,9668
058-VMART GURDASPUR,GURDASPUR,R-38,"PAUTODI,JAJHAR,ROHTAK,JIND,SANGRUR",38,21,96,15,111,3,3,3,D-Oct-YY,86,589,7,9,2,67,,,,3,,33,17,15,41,106,,122,25,0,51,1612,207,5522,930,594790,11,75,0,198,8271
078-VMART SRINAGAR,SRINAGAR,R-39,"PAUTODI,JAJHAR,ROHTAK,LDH,PATHANKOT",39,56,234,30,264,7,10,5,D-Oct-YY,127,755,8,27,12,399,,8,,98,,311,215,161,52,739,,1162,279,2,59,23186,3423,20502,1309,5373036,19,521,0,1501,48420
133-VMART UDHAMPUR,UDHAMPUR,R-39,"PAUTODI,JAJHAR,ROHTAK,LDH,PATHANKOT",39,101028,110,15,125,3,5,5,D-Oct-YY,65,416,1,28,1,144,,2,,10,,96,49,41,44,230,,376,165,0,57,4501,1046,650,1164,1655272,6,179,0,598,7361
158-VMART KATHUA,KATHUA,R-39,"PAUTODI,JAJHAR,ROHTAK,LDH,PATHANKOT",39,101059,610,25,635,16,48,5,D-Oct-YY,129,342,10,34,3,172,,4,,15,,108,46,41,84,279,,331,102,11,95,5283,621,5835,2010,1879992,8,227,0,539,13749
031-VMART VARANASI,VARANASI,R-4,"HODEL,AGRA,KANPUR,ALLAHBAD",4,50,6,1,7,0,1,3,D-Oct-YY,88,804,14,23,,101,,,,1,,56,14,23,70,163,,208,47,0,82,2326,322,5846,1700,983388,7,132,0,338,10194
036-VMART PAHARIA,PAHARIA,R-4,"HODEL,AGRA,KANPUR,ALLAHBAD",4,85,805,20,825,21,24,3,D-Oct-YY,108,1113,14,148,,112,,,,1,,44,22,21,210,297,,149,61,0,244,1632,370,5842,4521,945028,11,264,0,454,12365
196-VMART MUGHALSARAI,MUGHALSARAI,R-4,"HODEL,AGRA,KANPUR,ALLAHBAD",4,101146,822,20,842,14,5,2,D-Oct-YY,57,785,6,35,,57,,,,2,,34,24,16,46,120,,122,69,0,48,1592,216,5661,1011,628036,8,92,0,238,8480
059-VMART AJMER,AJMER,R-40,"KOTHPUTLI,NEEMKA THANA,DIDWANA",40,15,135,10,145,3,48,2,D-Oct-YY,117,896,7,16,,26,,,,6,,31,5,19,15,70,,110,10,15,15,1266,74,6608,359,516074,25,30,0,150,8307
060-VMART NAGOUR,NAGOUR,R-40,"KOTHPUTLI,NEEMKA THANA,DIDWANA",40,78,153,10,163,4,24,1,D-Oct-YY,80,394,10,24,,37,,,,3,,38,9,17,27,91,,35,8,9,27,1634,101,5544,643,646198,10,64,0,79,7922
064-VMART UDAIPUR,UDAIPUR,R-41,"KOTHPUTLI,JAIPUR,KISHANGANJ",41,31,613,2,615,72,2,3,D-Oct-YY,143,706,4,22,1,104,,,,3,,84,24,36,23,167,,309,43,17,25,4004,610,5585,518,1399558,29,104,0,394,10717
232-VMART SANGANER-JAIPUR,SANGANER-JAIPUR,R-41,"KOTHPUTLI,JAIPUR,KISHANGANJ",41,101206,228,3,231,24,1,1,D-Oct-YY,31,355,,11,,44,,,,1,,35,15,23,2,75,,131,29,13,1,1250,278,6853,36,584552,8,48,0,174,8417
275-VMART JAIPUR-JHOTWARA,JAIPUR-JHOTWARA,R-41,"KOTHPUTLI,JAIPUR,KISHANGANJ",41,101280,228,2,230,24,1,1,D-Oct-YY,44,583,5,27,2,77,,,,1,,51,24,34,28,137,,179,51,17,29,1881,514,8946,611,880316,284,-174,0,277,11952
068-VMART LAWGARDEN,LAWGARDEN,R-42,"KOTHPUTLI,JAIPUR,UDAIPUR",42,1,85,10,95,2,3,4,D-Oct-YY,52,157,5,10,,40,,,,,,45,,37,,,,81,,10,,1939,,6601,,714780,33,22,0,91,8540
069-VMART VADODARA,VADODARA,R-42,"KOTHPUTLI,JAIPUR,UDAIPUR",42,8,115,10,125,3,4,4,D-Oct-YY,35,176,7,6,1,40,,,,1,,38,,27,11,,,82,,12,15,1778,,5574,326,614438,16,38,0,109,7678
070-VMART MEHSANA,MEHSANA,R-42,"KOTHPUTLI,JAIPUR,UDAIPUR",42,36,864,20,884,22,24,4,D-Oct-YY,111,592,8,32,,67,,,,2,,49,12,21,46,128,,82,40,14,56,1986,134,5555,837,844984,41,68,0,192,8512
072-VMART JAMNAGAR,JAMNAGAR,R-43,"KOTHPUTLI,JAIPUR,UDAIPUR",43,72,1260,15,1275,32,38,4,D-Oct-YY,59,444,5,9,1,49,,,,1,,34,11,25,17,87,,65,21,13,15,1517,121,5553,392,576354,17,47,0,114,7583
073-VMART GANDHIDHAM,GANDHIDHAM,R-43,"KOTHPUTLI,JAIPUR,UDAIPUR",43,34,129,10,139,3,4,4,D-Oct-YY,73,573,10,27,,70,,,,2,,47,8,24,52,131,,83,11,13,57,1949,116,5554,976,812028,16,93,0,165,8595
074-VMART MORVI,MORVI,R-43,"KOTHPUTLI,JAIPUR,UDAIPUR",43,100055,100,10,110,3,3,4,D-Oct-YY,47,501,10,23,1,72,,,,,,42,29,20,32,123,,77,29,10,38,1837,171,1073,824,750184,9,96,0,154,3905
005-VMART SHIVPURI,SHIVPURI,R-44,"NUH,HODEL,KOSHI,GWALIOR",44,100171,435,15,450,11,24,4,D-Oct-YY,161,513,2,16,1,75,,5,,1,,39,26,24,28,117,,132,61,13,35,1542,377,2346,737,693260,14,85,0,241,5002
163-VMART SAGAR,SAGAR,R-44,"NUH,HODEL,KOSHI,GWALIOR",44,101064,315,10,325,8,15,4,D-Oct-YY,54,187,1,6,,23,,2,,1,,21,5,16,2,44,,66,4,20,2,729,42,6094,40,344416,9,24,0,93,6905
290-VMART JABALPUR-DAMOHNAKA,JABALPUR-DAMOHNAKA,R-44,"NUH,HODEL,KOSHI,GWALIOR",44,101315,839,5,844,72,2,3,D-Oct-YY,144,1903,2,12,5,67,,6,,12,,67,39,35,3,144,,247,102,0,4,3600,791,5522,66,1136450,0,99,0,353,9979
123-VMART SITAMARHI-BIHAR,SITAMARHI,R-45,"GURGAON,DELHI,HAPUR,MORADABAD",45,101011,68,10,78,2,2,4,D-Oct-YY,140,986,8,38,,36,,,,13,,28,29,12,40,109,,103,115,0,52,1141,428,1050,907,535696,12,83,0,271,3526
126-VMART MUZAFFARPUR-BIHAR,MUZAFFARPUR,R-45,"GURGAON,DELHI,HAPUR,MORADABAD",45,100206,1080,20,1100,28,35,4,D-Oct-YY,97,909,11,14,,46,,,,6,,36,7,18,33,94,,132,55,0,46,1587,135,1050,845,616794,9,68,0,233,3617
173-VMART SHEOHAR,SHEOHAR,R-45,"GURGAON,DELHI,HAPUR,MORADABAD",45,101091,25,5,30,1,1,4,D-Oct-YY,71,492,11,19,,35,,,,3,,31,9,10,28,78,,53,15,0,31,1318,178,6572,582,535996,5,63,0,99,8650
253-MUZAFFARPUR-MARIPUR CHOWK,MUZAFFARPUR-MARIPUR CHOWK,R-45,"GURGAON,DELHI,HAPUR,MORADABAD",45,101244,1074,6,1080,96,98,4,,,,,,,2,,,,2,,,,,,,,,,,,,,,,0,35,-31,0,0,0
114-VMART KEONJHAR,KEONJHAR,R-46,"HODEL,ALLAHBAD,AURANGABAD,JAMSHEDPUR",46,101002,180,10,190,4,120,5,D-Oct-YY,83,272,7,3,1,45,,,,3,,47,12,17,3,79,,60,13,0,4,2358,170,1050,30,770818,17,41,0,78,3608
124-VMART BARIPADA,BARIPADA,R-46,"HODEL,ALLAHBAD,AURANGABAD,JAMSHEDPUR",46,101012,1475,10,1485,2,120,5,D-Oct-YY,78,264,1,4,,33,,,,4,,18,15,9,10,52,,29,72,11,10,712,244,1451,253,322412,30,12,0,122,2660
134-VMART DHENKANAL,DHENKANAL,R-46,"HODEL,ALLAHBAD,AURANGABAD,RANCHI",46,101029,43,10,53,7,120,5,D-Oct-YY,34,129,,,,15,,,,1,,11,7,4,,,,20,9,,,370,117,,,187156,5,11,0,28,487
139-VMART CUTTACK,CUTTACK,R-46,"HODEL,ALLAHBAD,AURANGABAD,RANCHI",46,101034,180,10,190,6,120,5,D-Oct-YY,69,204,,3,,30,,,,,,18,12,5,6,41,,35,17,,7,641,210,,120,313140,12,21,0,58,971
113-VMART BERHAMPUR-ORISSA,BERHAMPUR,R-47,"HODEL,ALLAHBAD,AURANGABAD,JAMSHEDPUR",47,101000,519,10,529,4,120,5,D-Oct-YY,89,295,3,3,,13,,,,4,,10,5,7,6,28,,21,8,1,6,395,68,501,198,173636,6,17,0,36,1162
116-VMART BHADRAK,BHADRAK,R-47,"HODEL,ALLAHBAD,AURANGABAD,JAMSHEDPUR",47,101004,1599,10,1609,4,120,5,D-Oct-YY,49,175,,2,,9,,,,,,3,1,2,6,12,,9,2,0,7,136,6,1050,120,55344,14,-3,0,18,1312
135-VMART URBAN BANK ROAD,URBAN BANK ROAD,R-47,"HODEL,ALLAHBAD,AURANGABAD,JAMSHEDPUR",47,101030,173,10,183,3,120,5,D-Oct-YY,126,299,,10,1,19,,,,3,,18,16,9,,,,38,19,0,,690,245,1050,,314328,19,13,0,57,1985
260-VMART BHUBANESWAR,BHUBANESWAR,R-47,"HODEL,ALLAHBAD,AURANGABAD,RANCHI",47,101254,128,10,138,4,120,5,,,,,12,50,692,,2,,163,,950,3,403,,,,3468,2,,,71775,36,,,15095128,10,859,0,3470,71811
128-VMART JHARSUGUDA,JHARSUGUDA,R-48,"HODEL,ALLAHBAD,AURANGABAD,RANCHI",48,101023,212,10,222,3,120,5,D-Oct-YY,62,206,2,4,1,43,,,,2,,29,14,13,13,69,,55,17,0,15,1175,248,1050,332,498318,13,38,0,87,2805
129-VMART SAMBALPUR,SAMBALPUR,R-48,"HODEL,ALLAHBAD,AURANGABAD,RANCHI",48,101024,51,10,61,5,144,6,D-Oct-YY,109,109,,8,1,181,,,,36,,81,47,75,80,283,,260,92,160,109,3848,783,15821,1875,1448956,17,208,0,621,22327
140-VMART NABARANGPUR,NABARANGPUR,R-48,"HODEL,ALLAHBAD,AURANGABAD,RANCHI",48,101035,347,10,357,3,96,4,D-Oct-YY,122,337,4,9,,101,,,,2,,46,51,21,23,141,,104,111,0,23,1644,636,1050,492,843918,17,99,0,238,3822
172-VMART GUMLA,GUMLA,R-48,"HODEL,ALLAHBAD,AURANGABAD,RANCHI",48,101090,1184,10,1194,2,120,5,D-Oct-YY,157,434,5,15,,93,,,,1,,58,23,18,40,139,,164,36,0,46,2134,233,5522,854,1001560,6,108,0,245,8743
042-VMART PATNA CITY,PATNA CITY,R-49,"HODEL,KANPUR,ALLAHBAD,MOHNIYA",49,100586,1086,10,1096,96,96,4,D-Oct-YY,85,1060,5,15,,14,,,,4,,18,7,4,13,42,,68,13,0,16,827,169,1050,320,311162,16,22,0,97,2366
241-VMART KANKARBAGH-PATNA,KANKARBAGH-PATNA,R-49,"HODEL,KANPUR,ALLAHBAD,MOHNIYA",49,101230,1071,10,1081,24,96,4,D-Oct-YY,53,602,1,2,,14,,,,3,,17,2,7,1,27,,60,6,0,0,602,54,5522,12,274566,10,10,0,66,6190
276-VMART PATNA-KURJI,PATNA-KURJI,R-49,"HODEL,KANPUR,ALLAHBAD,MOHNIYA",49,101281,1072,5,1077,96,94,4,D-Oct-YY,34,428,,2,,19,,,,1,,22,,6,,,,73,,0,,812,,5522,,349448,0,22,0,73,6334
024-VMART ALLAHABAD,ALLAHABAD,R-5,"HODEL,AGRA,KANPUR,ALLAHBAD",5,100365,680,15,695,17,24,3,D-Oct-YY,67,1003,,20,1,131,,,,48,,87,96,35,19,237,,334,171,0,14,3697,1344,316,294,1571138,21,178,0,519,5651
103-VMART KOTWALI-ALLAHABAD,KOTWALI,R-5,"HODEL,AGRA,KANPUR,ALLAHBAD",5,100801,2,1,3,0,1,3,D-Oct-YY,140,750,9,13,,67,,,,17,,43,15,19,48,125,,150,21,0,54,1777,231,105,1024,756980,17,89,0,225,3137
160-VMART REWA,REWA,R-5,"HODEL,AGRA,KANPUR,ALLAHBAD",3,101061,227,15,242,6,10,3,D-Oct-YY,106,549,7,9,,49,,,,9,,31,19,16,26,92,,110,20,0,37,1346,224,5522,763,551784,10,64,0,167,7855
120-VMART PILIBHIT,PILIBHIT,R-50,"GURGAON,DELHI,HAPUR",50,101008,123,10,133,3,6,2,D-Oct-YY,64,540,7,10,,47,,,,1,,28,8,16,24,76,,104,12,12,25,1344,145,430,718,482624,11,54,0,153,2637
155-VMART AMROHA,AMROHA,R-50,"GURGAON,DELHI,HAPUR",50,101056,199,10,209,5,10,1,D-Oct-YY,48,402,,8,,68,,,,3,,54,7,25,16,102,,185,16,4,18,2111,66,5602,401,885944,13,66,0,223,8180
162-VMART RAMPUR,RAMPUR,R-50,"GURGAON,DELHI,HAPUR",50,101063,85,5,90,2,5,2,D-Oct-YY,49,362,1,17,,49,,,,2,,34,10,15,25,84,,126,16,4,28,1388,113,5635,708,582466,9,60,0,174,7844
243-VMART BISALPUR-EIDGAH CHAURAHA,BISALPUR-EIDGAH CHAURAHA,R-50,"GURGAON,DELHI,HAPUR",50,101233,123,10,133,3,6,2,D-Oct-YY,16,291,,4,,32,,,,4,,36,,16,2,,,126,,0,3,1383,,5642,30,573796,14,26,0,129,7055
267-VMART UDALGURI-MG ROAD,UDALGURI-MG ROAD,R-50,"AGRA,LUKNOW,GORAKHPUR",50,101261,1996,10,2006,144,146,6,,,,1,28,,295,,,,55,,98,217,60,60,435,,342,417,0,47,4659,3242,1411,894,2001184,0,379,0,806,10206
046-VMART MEERUT,MEERUT,R-51,"GURGAON,DELHI,GHAZIABAD,MODINAGAR",51,35,138,5,143,48,48,2,D-Oct-YY,58,305,2,21,,31,,,,1,,34,2,14,16,66,,131,3,11,14,1208,54,5942,398,559384,8,47,0,158,7602
230-VMART BIJNOR,BIJNOR,R-51,"GURGAON,DELHI,GHAZIABAD,MODINAGAR",51,101200,225,5,230,48,4,2,D-Oct-YY,57,266,7,20,,56,,,,3,,71,3,25,12,111,,111,5,0,17,2800,17,5630,323,1144924,14,72,0,133,8770
240-VMART GARH ROAD-MEERUT,GARH ROAD-MEERUT,R-51,"GURGAON,DELHI,GHAZIABAD,MODINAGAR",51,101229,138,5,143,48,48,2,D-Oct-YY,59,243,,12,,26,,,,2,,30,5,17,3,55,,106,9,11,2,1083,166,5972,36,488358,6,34,0,128,7257
066-VMART JHANSI,JHANSI,R-52,"HODEL,AGRA,FIROZABAD",52,100050,118,15,133,3,6,2,D-Oct-YY,120,1001,12,34,1,72,,,,2,,37,31,14,53,135,,137,38,0,59,1454,265,10,1280,695022,8,112,0,235,3009
132-VMART ORAI,ORAI,R-52,"HODEL,AGRA,FIROZABAD",52,101027,103,10,113,3,18,2,D-Oct-YY,84,780,,5,,48,,,,,,32,9,12,10,63,,120,17,0,13,1276,118,500,242,534132,8,45,0,150,2136
191-VMART HAMIRPUR,HAMIRPUR,R-52,"HODEL,AGRA,FIROZABAD",52,101141,520,10,530,13,1,1,D-Oct-YY,72,579,5,8,,40,,,,,,26,5,13,23,67,,89,23,0,30,1153,62,5522,603,444542,10,43,0,142,7340
040-VMART ARRAH,ARRAH,R-53,"HODEL,KANPUR,ALLAHBAD,MOHNIYA",53,46,75,10,85,2,5,4,D-Oct-YY,179,1656,15,94,3,153,,,,6,,50,53,21,174,298,,175,71,0,200,2169,685,5522,3498,1059892,15,253,0,446,11874
153-VMART BUXAR,BUXAR,R-53,"HODEL,KANPUR,ALLAHBAD,MOHNIYA",53,101054,79,10,89,2,5,4,D-Oct-YY,48,478,8,13,,49,,,,1,,29,10,10,34,83,,70,12,11,39,1172,140,300,791,511920,8,63,0,132,2403
167-VMART BHABUA,BHABUA,R-53,"HODEL,KANPUR,ALLAHBAD,MOHNIYA",53,101068,894,15,909,21,36,3,D-Oct-YY,40,486,9,29,,54,,,,3,,38,22,13,34,107,,80,31,11,40,1444,373,6876,811,676188,6,89,0,161,9504
084-VMART SAHARSA,SAHARSA,R-54,"NUH,AGRA,KANPUR,BARABANKI,GORAKHPUR",54,88,22,5,27,1,2,5,D-Oct-YY,77,461,2,13,,18,,,,10,,16,12,9,15,52,,55,46,0,15,593,156,6572,324,290246,7,36,0,116,7645
156-VMART MADHEPURA,MADHEPURA,R-54,"NUH,AGRA,KANPUR,BARABANKI,GORAKHPUR",54,101057,1295,20,1315,33,50,5,D-Oct-YY,96,797,7,12,,27,,,,8,,21,12,12,20,65,,72,21,0,27,929,95,6572,484,374596,11,43,0,120,8080
215-VMART SUPAUL,SUPAUL,R-54,"NUH,AGRA,KANPUR,BARABANKI,GORAKHPUR",54,101179,1237,30,1267,51,51,2,D-Oct-YY,90,830,10,28,,33,,,,8,,20,7,13,53,93,,44,10,1,68,864,109,7072,1327,382370,22,57,0,121,9372
032-VMART LUXA,LUXA,R-55,"HODEL,AGRA,KANPUR,ALLAHBAD",55,67,805,10,815,20,24,3,D-Oct-YY,81,880,11,54,,87,,,,,,53,6,23,91,173,,197,9,0,105,2297,98,5932,1932,942234,13,139,0,311,10259
141-VMART DURGAKUND-VARANASI,DURGAKUND,R-55,"HODEL,AGRA,KANPUR,ALLAHBAD",55,101036,4,1,5,0,1,3,D-Oct-YY,67,714,15,13,,96,,,,3,,31,9,15,85,140,,119,53,0,103,1268,76,163,1875,592198,12,115,0,275,3382
165-VMART BHOJUBEER,BHOJUBEER,R-55,"HODEL,AGRA,KANPUR,ALLAHBAD",55,101066,4,1,5,0,1,3,D-Oct-YY,63,683,2,24,,48,,,,4,,27,13,12,38,90,,101,17,0,41,1064,159,5782,800,489424,11,67,0,159,7805
061-VMART BHOPAL,BHOPAL,R-56,"NUH,HODEL,KOSHI,GWALIOR",56,9,775,15,790,20,28,3,D-Oct-YY,135,880,10,15,1,27,,1,,6,,13,12,5,33,63,,43,43,0,32,584,118,5772,667,260342,25,34,0,118,7141
062-VMART UJJAIN,UJJAIN,R-56,"NUH,HODEL,KOSHI,GWALIOR",56,45,961,10,971,5,6,4,D-Oct-YY,78,581,10,24,1,8,,,,2,,12,5,5,29,51,,16,12,0,31,390,74,5532,527,228082,24,20,0,59,6523
063-VMART BERASIA,BERASIA,R-56,"NUH,HODEL,KOSHI,GWALIOR",56,66,775,15,790,20,28,3,D-Oct-YY,41,348,3,6,,5,,,,12,,10,5,5,12,32,,33,4,0,16,466,25,5522,197,179552,7,19,0,53,6210
255-VMART GWALIOR-SURYA NAGAR,GWALIOR-SURYA NAGAR,R-57,"NUH,HODEL,KOSHI,GWALIOR",57,101249,317,2,319,24,1,1,D-Oct-YY,64,489,5,8,4,6,,,,14,,22,8,9,9,48,,64,19,0,12,1164,206,5522,234,372530,13,20,0,95,7126
259-VMART GWALIOR-LASHKAR,GWALIOR-LASHKAR,R-57,"NUH,HODEL,KOSHI,GWALIOR",57,101253,317,2,319,24,1,1,D-Oct-YY,74,668,9,30,1,11,,,,9,,25,17,12,17,71,,98,43,0,17,1332,275,5773,439,444054,31,28,0,159,7819
288-VMART INDORE-ANNAPURNA ROAD,INDORE-ANNAPURNA ROAD,R-57,"NUH,HODEL",57,101313,830,6,836,72,3,3,,,,,37,1,850,,3,,164,,632,310,295,164,1401,,2334,529,68,128,36923,5120,11598,3022,10750952,0,1054,0,3058,56663
150-VMART LATEHAR,LATEHAR,R-58,"HODEL,AGRA,KANPUR,ALLAHBAD,DALTONGANJ
 
 HODEL,AGRA,KANPUR,ALLAHBAD,DALTONGANJ",58,101045,1100,20,1120,28,40,4,D-Oct-YY,55,456,7,12,,6,,6,,10,,12,11,5,18,46,,33,23,11,20,523,159,300,526,227892,3,38,0,87,1508
207-VMART LOHARDAGA,LOHARDAGA,R-58,"HODEL,AGRA,KANPUR,ALLAHBAD,DALTONGANJ",58,101165,78,2,80,2,5,4,D-Oct-YY,77,739,9,24,1,15,,7,,10,,17,15,8,33,73,,48,14,11,34,684,244,5822,881,329206,6,59,0,107,7631
265-VMART DALTONGANJ-REDMA CHOWK,DALTONGANJ-REDMA CHOWK,R-58,"HODEL,AGRA,KANPUR,ALLAHBAD,DALTONGANJ",58,101259,1031,5,1036,2,96,4,D-Oct-YY,72,653,,13,,14,,7,,9,,19,21,10,1,51,,73,34,11,0,1015,419,5822,6,340078,367,-324,0,118,7262
088-VMART CHAAS,CHAAS,R-59,"HODEL,ALLAHBAD,AURANGABAD,BAGODAR",59,100110,35,5,40,1,2,5,D-Oct-YY,93,714,1,12,,68,,,,1,,41,27,21,16,105,,148,40,0,18,1776,318,3150,328,714972,24,58,0,206,5572
151-VMART PHUSRO,PHUSRO,R-59,"HODEL,ALLAHBAD,AURANGABAD,BAGODAR",59,101046,1192,20,1212,30,40,4,D-Oct-YY,123,821,8,14,1,62,,,,2,,40,12,16,35,103,,136,26,0,40,1584,206,1050,761,691182,18,68,0,203,3601
170-VMART RAMGARH,RAMGARH,R-59,"HODEL,ALLAHBAD,AURANGABAD,BAGODAR",59,101071,85,10,95,2,4,5,D-Oct-YY,58,534,,10,2,43,,,,,,41,9,17,9,76,,143,15,0,10,1553,101,6572,188,676102,22,31,0,167,8414
081-VMART AURANGABAD,AURANGABAD,R-6,"HODEL,AGRA,KANPUR,ALLAHBAD",6,100054,46,20,66,2,2,4,D-Oct-YY,70,797,8,27,,142,,,,5,,57,82,32,45,216,,228,167,21,56,2487,1209,3931,1166,1095390,6,176,0,472,8793
082-VMART SASARAM,SASARAM,R-6,"HODEL,AGRA,KANPUR,ALLAHBAD",6,100113,916,20,936,23,30,4,D-Oct-YY,102,673,3,19,1,135,,,,5,,86,55,33,24,198,,315,79,11,34,3586,705,3450,727,1487368,15,147,0,439,8468
121-VMART DAUD NAGAR,DAUD NAGAR,R-6,"HODEL,AGRA,KANPUR,ALLAHBAD",6,101009,55,10,65,2,2,4,D-Oct-YY,31,335,4,12,,51,,,,1,,32,18,12,19,81,,97,40,11,22,1181,225,1350,578,558990,6,62,0,169,3334
235-VMART JEHANABAD-STATION ROAD,JEHANABAD-STATION ROAD,R-6,"HODEL,KANPUR,ALLAHBAD,MOHNIYA",6,101211,1040,30,1070,43,43,2,D-Oct-YY,32,556,6,12,1,109,,,,4,,60,31,26,41,158,,199,35,21,57,1976,375,7272,1068,1048522,3,128,0,313,10691
117-VMART BURDWAN,BURDWAN,R-60,"HODEL,ALLAHBAD,AURANGABAD,BAGODAR",60,101005,1375,25,1400,35,50,4,D-Oct-YY,143,399,,6,1,56,,,,3,,46,15,22,5,88,,166,63,0,3,2172,265,3150,212,762234,34,31,0,232,5799
147-VMART PURULIA,PURULIA,R-60,"HODEL,ALLAHBAD,AURANGABAD,BAGODAR",60,101042,1266,15,1281,32,50,4,D-Oct-YY,48,189,,5,,32,,,,3,,23,7,11,12,53,,57,31,11,11,867,69,300,330,389596,2,38,0,109,1566
217-VMART ARAMBAGH,ARAMBAGH,R-60,"HODEL,ALLAHBAD,AURANGABAD,BAGODAR",60,101181,44,5,49,0,2,1,D-Oct-YY,36,169,2,3,,31,,,,2,,25,4,11,11,51,,48,1,11,11,1014,17,5822,332,415050,8,30,0,71,7185
038-VMART BHAGALPUR,BHAGALPUR,R-61,"NUH,AGRA,KANPUR,BARABANKI,GORAKHPUR",61,62,1320,10,1330,96,96,4,D-Oct-YY,178,1777,16,47,1,159,,,,21,,60,47,33,131,271,,229,87,13,134,2527,589,14511,2627,1165678,15,228,0,463,20254
174-VMART BANKA,BANKA,R-61,"NUH,AGRA,KANPUR,BARABANKI,GORAKHPUR",61,101092,1710,10,1720,96,96,4,D-Oct-YY,71,724,10,19,,69,,,,8,,38,21,26,44,129,,91,69,2,52,1680,368,6577,1010,684272,13,93,0,214,9635
237-VMART GODDA-BHAGALPUR ROAD,GODDA-BHAGALPUR ROAD,R-61,"NUH,AGRA,KANPUR,BARABANKI,GORAKHPUR",61,101224,1390,10,1400,96,96,4,,,,,25,9,285,,2,,293,,41,593,26,4,664,,112,998,,1,1484,9887,,105,1708356,22,583,0,1111,11476
238-VMART KAHALGOAN,KAHALGOAN,R-61,"NUH,AGRA,KANPUR,BARABANKI,GORAKHPUR",61,101227,1400,10,1410,96,96,4,D-Oct-YY,50,469,4,15,,49,,,,9,,38,8,22,30,98,,135,24,0,37,1229,99,6827,793,647380,17,60,0,195,8948
144-VMART KHARAGPUR,KHARAGPUR,R-62,"HODEL,ALLAHBAD,AURANGABAD,CHAUPARAN",62,101039,166,5,171,0,5,1,D-Oct-YY,31,248,2,11,1,27,,,,1,,38,9,10,,,,78,31,,,1654,106,,,619576,28,13,0,109,1760
213-VMART BANDEL,BANDEL,R-62,"HODEL,ALLAHBAD,AURANGABAD,CHAUPARAN",62,101177,1448,25,1473,37,45,3,D-Oct-YY,24,257,4,9,,24,,,,2,,34,3,18,1,56,,63,2,11,0,1295,37,6972,6,546370,13,26,0,76,8310
231-VMART CONTAI,CONTAI,R-62,"HODEL,ALLAHBAD,AURANGABAD,CHAUPARAN",62,101202,1605,10,1615,144,4,6,D-Oct-YY,35,282,5,13,7,39,,1,,11,,66,3,31,3,103,,164,2,0,1,3381,22,8571,37,1056630,54,15,0,167,12011
242-VMART TAMLUK-MANIKTALA,TAMLUK-MANIKTALA,R-62,"HODEL,ALLAHBAD,AURANGABAD,CHAUPARAN",62,101231,1540,10,1550,,120,5,D-Oct-YY,60,484,1,7,,50,,,,5,,30,21,14,15,80,,82,51,0,19,1433,240,6572,303,528606,25,38,0,152,8548
293-VMART KOLKATA-BARASAT,KOLKATA-BARASAT,R-62,"HODEL,ALLAHBAD,AURANGABAD,CHAUPARAN",62,101318,1556,15,1571,144,4,6,D-Oct-YY,43,307,2,18,4,87,,,,11,,48,64,23,10,145,,160,165,0,7,2187,1266,6572,276,885956,0,118,0,333,10301
006-VMART GORAKHPUR,GORAKHPUR,R-63,"NUH,AGRA,KANPUR,MOHANLALGANJ",63,27,10,15,25,1,2,2,D-Oct-YY,153,1287,21,88,1,53,,,,,,34,20,17,110,181,,124,58,0,129,1487,335,5772,2095,684036,27,135,0,311,9689
188-VMART MAHARAJGANJ,MAHARAJGANJ,R-63,"NUH,AGRA,KANPUR,MOHANLALGANJ",63,101134,49,10,59,1,3,3,D-Oct-YY,139,885,8,27,,39,,,1,5,,31,20,18,28,97,,110,25,0,36,1351,196,6992,645,555532,18,61,0,171,9184
201-VMART GORAKHPUR-RUSTAMPUR,GORAKHPUR-RUSTAMPUR,R-63,"NUH,AGRA,KANPUR,MOHANLALGANJ",63,101157,811,10,821,96,100,3,,,,,35,1,382,,1,,32,,157,215,83,63,518,,552,326,104,49,7676,3105,4550,936,2937746,37,413,0,1030,16267
269-VMART GORAKHPUR-MEDICAL COLLEGE,GORAKHPUR-MEDICAL COLLEGE,R-63,"NUH,AGRA,KANPUR,MOHANLALGANJ",63,101263,820,5,825,5,96,3,D-Oct-YY,75,790,,11,2,46,,,,2,,37,20,18,1,76,,133,38,0,0,1268,272,6097,6,624214,63,-4,4,175,7643
169-VMART RAJAJIPURAM,RAJAJIPURAM,R-64,"NUH,AGRA,KANPUR",64,101070,555,15,570,14,16,2,D-Oct-YY,74,870,,9,,26,,,1,2,,24,10,14,,,,80,16,13,,1173,137,5707,,398976,8,29,0,108,7017
176-VMART TELIBAGH,TELIBAGH,R-64,"NUH,AGRA,KANPUR",64,101122,2,2,4,0,1,2,D-Oct-YY,65,785,8,8,,49,,,1,7,,42,7,25,20,94,,153,8,13,25,2011,58,5709,462,699280,5,67,0,198,8240
187-VMART GAURIGANJ,GAURIGANJ,R-64,"NUH,AGRA,KANPUR,MOHANLALGANJ",64,101133,182,10,192,5,3,3,D-Oct-YY,90,834,4,20,1,35,,,,5,,19,18,7,27,71,,69,14,0,37,827,262,5582,730,360386,12,52,0,120,7401
190-VMART SHUKLAGANJ,SHUKLAGANJ,R-64,"NUH,AGRA,KANPUR,MOHANLALGANJ",64,101140,495,15,510,13,24,2,D-Oct-YY,41,506,,18,,32,,,,7,,35,11,7,12,65,,117,22,0,13,1338,155,5522,224,587308,11,46,0,153,7239
244-VMART KANGRA-BUS STAND,KANGRA-BUS STAND,R-65,"PAUTODI,JAJHAR,PANIPAT,KARNAL",65,101234,306,10,316,9,3,4,D-Oct-YY,65,328,,9,,11,,,,6,,19,2,17,2,40,,66,2,11,1,643,32,7235,18,307320,16,10,0,79,7928
247-VMART SOLAN-ANAND COMPLEX,SOLAN-ANAND COMPLEX,R-65,"PAUTODI,JAJHAR,PANIPAT,KARNAL",65,101237,391,10,401,48,48,2,D-Oct-YY,35,214,,6,,6,,,,3,,12,,9,2,,,43,,11,1,473,,6440,18,192580,14,1,0,54,6931
248-VMART PALAMPUR-CITY MALL,PALAMPUR-CITY MALL,R-65,"PAUTODI,JAJHAR,PANIPAT,KARNAL",65,101238,391,10,401,48,48,2,D-Oct-YY,117,459,18,15,,37,,,,5,,22,16,16,40,94,,80,78,0,48,932,346,6772,1081,417304,18,57,0,206,9131
197-VMART JAMMU,JAMMU,R-66,"PAUTODI,JAJHAR,ROHTAK,LDH,PATHANKOT",66,101147,3,1,4,0,1,2,D-Oct-YY,81,862,7,13,1,16,,,,12,,26,8,16,32,82,,98,20,0,30,1219,82,5522,789,458744,21,27,0,147,7612
198-VMART KACHI CHAWNI,KACHI CHAWNI,R-66,"PAUTODI,JAJHAR,ROHTAK,LDH,PATHANKOT",66,101151,683,10,693,17,30,2,D-Oct-YY,64,559,,6,1,9,,,,8,,18,6,11,6,41,,70,10,11,7,796,41,5922,120,302484,5,18,0,98,6879
252-VMART JAMMU-KUNJWANI,JAMMU-KUNJWANI,R-66,"PAUTODI,JAJHAR,ROHTAK,LDH,PATHANKOT",66,101243,731,8,739,72,75,3,D-Oct-YY,68,706,9,17,,22,,,,9,,27,2,14,34,77,,95,4,11,40,1266,24,5922,898,465944,35,22,0,150,8110
285-VMART JAMMU-TALAB TILLO,JAMMU-TALAB TILLO,R-66,"PAUTODI,JAJHAR,ROHTAK,LDH,PATHANKOT",66,101299,651,2,653,72,78,3,D-Oct-YY,70,1810,,20,3,26,,14,,21,,69,31,27,14,141,,241,70,0,14,4259,567,219,285,1164856,0,81,0,325,5330
202-VMART PALKI-LUCKNOW,PALKI-LUCKNOW,R-67,"NUH,AGRA,KANPUR",67,101158,555,15,570,14,16,2,D-Oct-YY,79,639,,7,1,50,,,1,3,,37,19,21,4,81,,138,22,18,6,1780,138,6344,132,625396,16,44,0,184,8394
205-VMART CHINHAT-LUCKNOW,CHINHAT-LUCKNOW,R-67,"NUH,AGRA,KANPUR",67,101161,10,2,12,0,1,3,D-Oct-YY,80,718,,15,1,58,,,1,4,,46,24,23,9,102,,162,34,0,3,1893,220,5677,108,782162,16,61,0,199,7898
211-VMART AIRPORT ROAD-LUCKNOW,AIRPORT ROAD-LUCKNOW,R-67,"HODEL,ALLAHBAD,AURANGABAD,CHAUPARAN",67,101175,25,10,35,1,1,3,D-Oct-YY,95,489,,12,,51,,,1,2,,46,14,21,8,89,,164,45,0,4,1893,183,5927,98,763416,12,53,0,213,8101
281-VMART LUCKNOW-BUDHESHWAR,LUCKNOW-BUDHESHWAR,R-67,"NUH,AGRA,KANPUR",67,101295,529,5,534,72,76,3,D-Oct-YY,29,241,,13,,35,,,,1,,44,,19,3,,,161,,7,2,1646,,5772,44,701854,0,49,0,170,7462
030-VMART FARRUKHABAD,FARRUKHABAD,R-68,"MATHURA,AGRA,MAINPURI",68,100630,165,10,175,24,3,2,D-Oct-YY,78,611,9,11,,61,,,,3,,32,12,12,38,94,,126,24,0,49,1328,157,88,831,567068,25,59,0,200,2404
183-VMART KANNAUJ,KANNAUJ,R-68,"MATHURA,AGRA,MAINPURI",68,101129,474,15,489,9,3,1,D-Oct-YY,59,439,,14,2,63,,,,,,47,27,24,7,105,,183,57,0,4,1943,262,5732,84,801402,20,57,0,244,8021
227-VMART NAUBASTA-KANPUR,NAUBASTA-KANPUR,R-68,"MATHURA,AGRA,MAINPURI",68,101195,557,15,572,20,3,2,D-Oct-YY,86,594,5,14,,89,,,,1,,48,18,21,45,132,,172,28,0,60,1672,244,5792,1122,838770,20,89,0,261,8830
092-VMART DEHRADUN,DEHRADUN,R-69,"GURGAON,DELHI,GHAZIABAD,MODINAGAR",69,100053,337,337,68,2,2,3,D-Oct-YY,93,1010,15,25,1,89,,,,4,,51,36,18,48,153,,197,38,0,50,2169,270,134,1096,921348,20,113,0,286,3669
203-VMART DALANWALA-DEHRADUN,DALANWALA-DEHRADUN,R-69,"MEERUT,MUZAFFARNAGAR,ROORKEE",69,101159,327,10,337,8,15,1,D-Oct-YY,75,735,18,8,,69,,1,,4,,40,24,23,37,124,,152,53,5,45,1746,272,6820,1089,714466,14,86,0,254,9927
206-VMART MAJRA-DEHRADUN,MAJRA-DEHRADUN,R-69,"MEERUT,MUZAFFARNAGAR,ROORKEE",69,101162,337,337,15,0,2,1,D-Oct-YY,46,403,9,9,,33,,,,,,26,7,11,20,64,,94,6,0,21,917,52,5922,652,445136,13,38,0,121,7543
080-VMART CHURCH ROAD,CHURCH ROAD,R-7,"HODEL,KANPUR,ALLAHBAD,MOHNIYA",7,74,1070,15,1085,27,4,5,D-Oct-YY,133,636,12,11,1,56,,,,,,41,12,15,28,96,,151,43,0,35,1798,254,6572,709,700164,18,61,0,229,9333
115-VMART NAWADA,NAWADA,R-7,"HODEL,KANPUR,ALLAHBAD,MOHNIYA",7,101003,65,10,75,2,35,5,D-Oct-YY,212,911,5,10,2,69,,,,3,,44,15,20,29,108,,150,48,0,34,2083,333,1110,671,754130,14,73,0,232,4197
127-VMART JAMUI,JAMUI,R-7,"HODEL,KANPUR,ALLAHBAD,MOHNIYA",7,101014,76,5,81,2,4,5,D-Oct-YY,224,1220,6,16,1,65,,,,4,,39,19,17,37,112,,132,27,0,59,1647,296,1050,1127,689702,11,80,0,218,4120
004-VMART MATHURA,MATHURA,R-70,"NUH,HODEL,KOSHI",70,82,140,5,145,24,1,1,D-Oct-YY,106,804,6,35,,98,,,,3,,68,29,25,48,170,,247,57,0,48,2412,342,5762,1118,1178944,4,138,0,352,9634
137-VMART SHAHGANJ,SHAHGANJ,R-70,"NUH,HODEL,KOSHI",70,101032,140,5,145,24,1,1,D-Oct-YY,118,773,1,11,1,123,,,,,,50,23,28,58,159,,210,40,0,67,2192,198,613,1331,892236,5,130,0,317,4334
218-VMART KRISHNANAGAR-WEST BENGAL,KRISHNANAGAR-WEST BENGAL,R-71,"HODEL,ALLAHBAD,AURANGABAD,CHAUPARAN",71,101182,17,5,22,1,2,4,D-Oct-YY,80,143,,4,,15,,,,4,,17,5,8,3,33,,38,30,11,3,562,44,5822,48,281866,23,0,0,81,6476
219-VMART SHANTIPUR,SHANTIPUR,R-71,"HODEL,ALLAHBAD,AURANGABAD,CHAUPARAN",71,101183,70,2,72,2,3,3,D-Oct-YY,113,253,,6,1,20,,,,9,,20,10,12,7,49,,49,43,11,4,685,179,6872,146,342342,25,10,0,107,7882
221-VMART MURSHIDABAD,MURSHIDABAD,R-71,"HODEL,ALLAHBAD,AURANGABAD,BAGODAR",71,101186,1463,15,1478,0,37,3,D-Oct-YY,58,128,,2,,30,,,,2,,28,,16,5,,,67,,11,2,1082,,5822,174,449682,32,2,0,80,7078
152-VMART BHANGEL,BHANGEL,R-72,"GURGAON,DELHI,GHAZIABAD,MODINAGAR",72,101053,141,5,146,24,24,1,D-Oct-YY,98,548,,5,,53,,,1,4,,40,16,18,9,83,,155,20,0,10,1560,139,518,176,672650,20,42,0,184,2393
154-VMART BULANDSHAHR-RAJA BABU RD,BULANDSHAHR-RAJA BABU RD,R-72,"GURGAON,DELHI,HAPUR,MORADABAD",72,101055,157,10,167,5,1,1,D-Oct-YY,56,269,,8,,36,,,,,,36,7,12,,,,125,8,0,,1226,97,6587,,584256,6,38,0,132,7910
254-VMART GHAZIABAD,GHAZIABAD,R-72,"GURGAON,DELHI,HAPUR,MORADABAD",72,101248,147,10,157,10,2,1,,,,,,1,,,,,,,,,,,,,,,,,,,,,0,30,-30,0,0,0
234-VMART JHANGIRABAD-BHOPAL,JHANGIRABAD-BHOPAL,R-74,"NUH,HODEL,KOSHI,GWALIOR",74,101210,813,30,843,34,34,1,D-Oct-YY,31,261,6,13,,69,,,,5,,72,14,31,4,121,,92,39,26,6,2735,163,7159,73,1172456,7,86,0,163,10130
250-VMART BHOPAL-KAROND,BHOPAL-KAROND,R-74,"NUH,HODEL,KOSHI,GWALIOR",74,101241,730,5,735,72,75,3,D-Oct-YY,73,797,1,39,,95,,,,3,,47,30,27,60,164,,174,89,15,81,1834,467,7357,1414,858988,14,124,0,359,11072
283-VMART BHOPAL-CHUNABHATTI,BHOPAL-CHUNABHATTI,R-74,"NUH,HODEL,KOSHI,GWALIOR",74,101297,730,5,735,72,82,3,D-Oct-YY,83,298,5,12,,59,,,,9,,54,7,35,15,111,,191,15,14,18,2348,94,12731,316,884958,0,85,0,237,15489
209-VMART NALBARI,NALBARI,R-75,"NUH,AGRA,KANPUR,BARABANKI,GORAKHPUR",75,101171,1842,3,1845,144,2,6,D-Oct-YY,82,556,4,12,,8,,,,26,,34,8,15,9,66,,69,15,11,6,1439,68,6972,199,563138,7,43,0,101,8678
222-VMART ITANAGAR,ITANAGAR,R-75,"HODEL,KANPUR,GORAKHPUR,PURNIA",75,101187,2150,4,2154,144,2,6,D-Oct-YY,514,2052,14,13,3,57,,,,10,,20,37,8,39,104,,69,314,0,38,1407,578,6272,894,421846,37,57,0,420,9151
226-VMART BISWANATH CHARIALI,BISWANATH CHARIALI,R-75,"NUH,AGRA,KANPUR,BARABANKI,GORAKHPUR",75,101194,2060,3,2063,144,4,6,D-Oct-YY,75,306,3,4,,4,,,,2,,9,3,3,,,,23,47,0,,280,38,5562,,148284,12,1,0,70,5880
258-VMART KHARUPETIA-PANBARI ROAD,KHARUPETIA-PANBARI ROAD,R-75,"NUH,HODEL,KOSHI",75,101252,1842,2,1844,144,3,6,D-Oct-YY,82,278,7,8,1,13,,,,4,,31,,14,,,,32,,11,,1274,,5824,,492404,13,19,0,43,7098
210-VMART ZOO ROAD-GUWAHATI,ZOO ROAD-GUWAHATI,R-76,"NUH,AGRA,KANPUR,BARABANKI,GORAKHPUR",76,101172,1826,6,1832,144,4,6,D-Oct-YY,233,505,,10,,23,,,,3,,25,10,12,5,52,,71,36,0,1,968,136,6272,162,419790,11,25,0,108,7538
212-VMART KALAPAHAR-GUWAHATI,KALAPAHAR-GUWAHATI,R-76,"NUH,AGRA,KANPUR,BARABANKI,GORAKHPUR",76,101176,1842,5,1847,144,3,6,D-Oct-YY,158,422,,12,,18,,,,3,,25,8,22,3,58,,73,36,0,1,1150,148,6407,30,414266,10,23,0,109,7735
224-VMART JOWAI,JOWAI,R-76,"HODEL,KANPUR,GORAKHPUR,PURNIA",76,101189,2060,7,2067,144,2,6,D-Oct-YY,186,496,6,8,2,30,,,,,,27,14,6,9,56,,32,14,11,4,1326,310,5922,284,462606,6,38,0,61,7842
233-VMART BARPETA ROAD,BARPETA ROAD,R-76,"NUH,AGRA,KANPUR,BARABANKI,GORAKHPUR",76,101207,1779,1754,1754,51,61,5,,,,,,,1,,,,4,,,,,,,,,,,,,,,,0,21,-16,0,0,0
179-VMART HARDOI-LUCKNOW ROAD,HARDOI-LUCKNOW ROAD,R-77,"NUH,HODEL,KOSHI",77,101125,453,10,463,48,50,2,D-Oct-YY,217,1808,2,33,3,217,,,,38,,175,71,69,42,357,,620,196,60,36,9291,1077,8330,868,2947208,0,290,0,911,19566
271-VMART LUCKNOW-ASHIYANA,LUCKNOW-ASHIYANA,R-77,"NUH,HODEL,KOSHI",77,101266,538,2,540,24,2,1,,,,,41,132,726,,6,,85,,357,530,188,113,1188,,1211,1052,112,93,18376,9299,5977,2516,6723286,233,625,0,2468,36168
272-VMART LUCKNOW-BKT,LUCKNOW-BKT,R-77,"NUH,HODEL,KOSHI",77,101267,543,3,546,24,2,1,,,,,53,2,1158,,1,,146,,667,588,245,112,1612,,2612,1066,0,84,41281,9743,760,1932,11749348,44,1314,0,3763,53716
208-VMART NAGAON,NAGAON,R-78,"NUH,AGRA,KANPUR,BARABANKI,GORAKHPUR",78,101170,2126,9,2135,144,1,6,D-Oct-YY,197,391,1,9,1,140,,,,6,,88,52,38,23,201,,276,105,11,26,3796,726,6831,627,1512822,20,136,0,417,11980
220-VMART JORHAT,JORHAT,R-78,"NUH,AGRA,KANPUR,BARABANKI,GORAKHPUR",78,101184,2027,3,2030,144,3,6,D-Oct-YY,122,324,1,13,,123,,,,1,,81,42,40,16,179,,231,76,31,5,3055,650,10202,396,1376972,5,133,0,344,14303
278-VMART DIBRUGARH-JHALUKPARA,DIBRUGARH-JHALUKPARA,R-78,"AGRA,LUKNOW,GORAKHPUR",78,101283,2360,9,2369,144,5,6,D-Oct-YY,76,322,2,11,,122,,,,3,,102,,36,35,,,354,,11,18,4162,,5822,501,1654678,0,138,0,383,10485
065-VMART KOTA,KOTA,R-79,"KOTHPUTLI,JAIPUR,KISHANGANJ",79,33,461,5,466,72,2,3,D-Oct-YY,116,801,15,47,1,42,,,,6,,48,15,21,49,133,,173,23,0,56,2209,238,6822,1131,837386,25,85,0,252,10400
279-KOTA-RANGBARI,KOTA-RANGBARI,R-79,"KOTHPUTLI,JAIPUR,KISHANGANJ",79,101284,459,5,464,72,2,3,D-Oct-YY,118,521,,11,,31,,,,4,,31,12,16,2,61,,97,18,0,0,1294,319,6572,24,515688,0,46,0,115,8209
284-VMART KOTA-KUNADI,KOTA-KUNADI,R-79,"KOTHPUTLI,JAIPUR,KISHANGANJ",79,101298,445,5,450,72,2,3,D-Oct-YY,52,1058,,7,3,29,,,,22,,57,3,28,,,,186,12,7,,2869,90,6390,,910716,0,58,0,205,9349
041-VMART RAJIV NAGAR,RAJIV NAGAR,R-8,"HODEL,KANPUR,ALLAHBAD,MOHNIYA",8,100364,60,10,70,2,2,5,D-Oct-YY,41,397,,13,,16,,,,,,14,13,5,1,33,,54,42,21,1,645,200,700,12,246450,20,9,0,118,1557
096-VMART BORING ROAD-PATNA,BORING ROAD-PATNA,R-8,"HODEL,KANPUR,ALLAHBAD,MOHNIYA",8,100172,5,0,5,0,1,5,D-Oct-YY,66,1324,10,37,1,52,,,,5,,34,38,14,35,121,,120,190,21,48,1655,823,1750,1131,642054,10,94,0,379,5359
214-VMART SAGUNA MOR-PATNA,SAGUNA MOR-PATNA,R-8,"HODEL,KANPUR,ALLAHBAD,MOHNIYA",8,101178,9,3,12,0,1,1,D-Oct-YY,29,356,,8,1,10,,,,,,19,,9,,,,69,,11,,853,,5822,,301796,16,2,0,80,6675
035-VMART RENUKOOT,RENUKOOT,R-80,"HODEL,AGRA,KANPUR,ALLAHBAD,DALTONGANJ",80,49,917,15,932,96,1,4,D-Oct-YY,251,982,12,41,,87,,,,12,,33,32,13,86,164,,127,154,0,108,1458,401,6062,2117,665800,16,136,0,389,10038
192-VMART GARHWA,GARHWA,R-80,"HODEL,AGRA,KANPUR,ALLAHBAD,DALTONGANJ",80,101142,1010,5,1015,96,1,4,D-Oct-YY,86,427,4,8,,25,,,,2,,30,8,15,2,55,,52,37,0,1,1218,103,6272,60,492700,7,32,0,91,7653
223-VMART MIRZAPUR,MIRZAPUR,R-80,"HODEL,AGRA,KANPUR,ALLAHBAD,DALTONGANJ",80,101188,769,5,774,72,2,3,,,,,54,,318,,,,106,,174,230,86,60,550,,672,406,71,47,9885,3178,2990,894,3231456,0,478,0,1196,16947
286-VMART DELHI-NARELA,DELHI-NARELA,R-81,"GURGAON,DELHI",81,101305,94,2,96,24,0,1,D-Oct-YY,110,288,1,18,,37,,,,1,,50,3,27,8,88,,170,27,0,2,1858,28,5522,166,807416,0,57,0,198,7574
292-VMART KANPUR-KALYANPUR,KANPUR-KALYANPUR,R-82,"NUH,AGRA,FIROZABAD,SHIKOHABAD",82,101317,487,5,492,48,2,2,D-Oct-YY,175,1954,11,33,4,37,,,,33,,35,44,21,47,147,,129,128,0,48,1984,754,5704,1063,680426,0,114,0,305,9505
291-VMART JAMMU-JANIPUR,JAMMU-JANIPUR,R-83,"PAUTODI,JAJHAR,ROHTAK,LDH,PATHANKOT",83,101316,652,10,662,72,3,3,D-Oct-YY,138,997,11,26,,143,,,,12,,90,61,45,43,239,,353,189,19,44,3870,926,7563,950,1580294,0,192,0,605,13309
277-VMART KOHIMA-NORTH BLOCK,KOHIMA-NORTH BLOCK,R-84,"NUH,AGRA,KANPUR,BARABANKI,GORAKHPUR",84,101282,2274,10,2284,192,2,7,D-Oct-YY,182,389,4,40,1,189,,,,16,,139,99,72,14,324,,391,246,30,8,5706,1811,8042,186,2397504,271,-22,0,675,15745
184-VMART LUCKNOW-QAISARBAGH,LUCKNOW-QAISARBAGH,R-86,"NUH,AGRA,KANPUR",86,101130,534,10,544,72,2,3,D-Oct-YY,57,1473,,13,1,24,,,,8,,31,13,11,5,60,,118,41,0,4,1457,270,5522,108,520422,0,45,0,163,7357
302-VMART LUCKNOW-RAJAJIPURAM 2,LUCKNOW-RAJAJIPURAM 2,R-86,"NUH,AGRA,KANPUR",86,101329,524,10,534,72,2,3,D-Oct-YY,98,1395,1,28,1,17,,,,3,,35,7,20,5,67,,108,13,25,1,2030,168,13271,36,573302,0,49,0,148,15505
090-VMART DUMKA,DUMKA,R-9,"HODEL,ALLAHBAD,AURANGABAD,BAGODAR",9,100205,67,15,82,2,2,5,D-Oct-YY,104,732,1,15,,33,,,,,,24,11,11,14,60,,78,74,0,16,1062,115,1050,222,414556,20,29,0,168,2449
091-VMART DEOGHAR,DEOGHAR,R-9,"HODEL,ALLAHBAD,AURANGABAD,BAGODAR",9,100366,1265,15,1280,32,40,4,D-Oct-YY,120,848,10,21,,35,,,,3,,35,7,11,29,82,,136,56,,31,1445,145,,589,596966,15,54,0,223,2179
145-VMART DHULIYAN,DHULIYAN,R-9,"HODEL,ALLAHBAD,AURANGABAD,BAGODAR",9,101040,100,10,110,3,5,5,D-Oct-YY,24,223,,7,1,18,,,,1,,21,5,7,2,35,,24,3,,3,1035,64,,18,344416,10,16,0,30,1117
1001-FACTORY OUTLET_BILASPUR,FACTORY OUTLET_BILASPUR,,,,100235,,,,,,,D-Oct-YY,19,110,18,5,,,,,,,,,,,,,,,,,,,,,,0,0,23,0,0,0
166-CORPORATE SALE_TAORU,CORPORATE SALE_TAORU,,,,101067,,,,,,,D-Oct-YY,25,75,,2,,,,,,,,,,,,,,,,,,,,,,0,0,2,0,0,0
228-VMART RAJOURI,RAJOURI,,,,101196,,,,,,,,,,,2,,,,,,1,,,,,,,,,,,,,,,,0,0,3,0,0,0
249-VMART AKHNOOR-LOHRI MALL,AKHNOOR-LOHRI MALL,,,,101239,,,,,,,,,,,,,,,,,4,,,,,,,,,,,,,,,,0,20,-16,0,0,0